text,sentiment
Couldn't ask for better ğŸ‘Œ,positive
I'm so excited about this! ğŸ˜,positive
I love this product! ğŸ˜Š,positive
Amazing service! ğŸ‘,positive
Feeling pretty neutral about this ğŸ¤·â€â™‚ï¸,neutral
Feeling pretty neutral about this ğŸ¤·â€â™‚ï¸,neutral
Not what I expected... ğŸ˜’,negative
I'm so excited about this! ğŸ˜,positive
Why did I even try? ğŸ˜ ,negative
Terrible design ğŸ˜’,negative
The movie was just okay ğŸ¤”,neutral
A day to remember ğŸ‰,positive
Couldn't be happier ğŸ˜Š,positive
This is terrible ğŸ˜¡,negative
I love this product! ğŸ˜Š,positive
The movie was just okay ğŸ¤”,neutral
"Ugh, horrible experience. ğŸ˜ ",negative
Feeling pretty neutral about this ğŸ¤·â€â™‚ï¸,neutral
Love the quality! ğŸŒŸ,positive
Forgettable experience ğŸ¤·â€â™€ï¸,neutral
I love this product! ğŸ˜Š,positive
Terrible design ğŸ˜’,negative
"Ugh, horrible experience. ğŸ˜ ",negative
Couldn't ask for better ğŸ‘Œ,positive
Terrible design ğŸ˜’,negative
Couldn't be happier ğŸ˜Š,positive
Feeling pretty neutral about this ğŸ¤·â€â™‚ï¸,neutral
This was awful ğŸ˜¡,negative
A day to remember ğŸ‰,positive
Amazing service! ğŸ‘,positive
I love this product! ğŸ˜Š,positive
This is the best day ever! ğŸ‰,positive
Couldn't be happier ğŸ˜Š,positive
Absolutely fantastic! ğŸŠ,positive
Amazing service! ğŸ‘,positive
Not what I expected... ğŸ˜’,negative
"Ugh, horrible experience. ğŸ˜ ",negative
Absolutely fantastic! ğŸŠ,positive
I'm so excited about this! ğŸ˜,positive
The movie was just okay ğŸ¤”,neutral
So disappointed ğŸ˜,negative
I'm so excited about this! ğŸ˜,positive
"Meh, it's alright ğŸ¤·",neutral
"Meh, it's alright ğŸ¤·",neutral
Forgettable experience ğŸ¤·â€â™€ï¸,neutral
Amazing service! ğŸ‘,positive
This is terrible ğŸ˜¡,negative
This was awful ğŸ˜¡,negative
Terrible design ğŸ˜’,negative
I'm so excited about this! ğŸ˜,positive
So disappointed ğŸ˜,negative
The movie was just okay ğŸ¤”,neutral
Terrible design ğŸ˜’,negative
I hate it here ğŸ˜¤,negative
Couldn't ask for better ğŸ‘Œ,positive
Forgettable experience ğŸ¤·â€â™€ï¸,neutral
"Meh, it's alright ğŸ¤·",neutral
A day to remember ğŸ‰,positive
"Ugh, horrible experience. ğŸ˜ ",negative
The movie was just okay ğŸ¤”,neutral
This is terrible ğŸ˜¡,negative
Why did I even try? ğŸ˜ ,negative
Feeling pretty neutral about this ğŸ¤·â€â™‚ï¸,neutral
I hate it here ğŸ˜¤,negative
The movie was just okay ğŸ¤”,neutral
Feeling pretty neutral about this ğŸ¤·â€â™‚ï¸,neutral
I'm so excited about this! ğŸ˜,positive
So disappointed ğŸ˜,negative
Amazing service! ğŸ‘,positive
This was awful ğŸ˜¡,negative
Couldn't ask for better ğŸ‘Œ,positive
"Meh, it's alright ğŸ¤·",neutral
This is the best day ever! ğŸ‰,positive
"Meh, it's alright ğŸ¤·",neutral
"Meh, it's alright ğŸ¤·",neutral
"Ugh, horrible experience. ğŸ˜ ",negative
Why did I even try? ğŸ˜ ,negative
Amazing service! ğŸ‘,positive
Why did I even try? ğŸ˜ ,negative
Couldn't ask for better ğŸ‘Œ,positive
The movie was just okay ğŸ¤”,neutral
Forgettable experience ğŸ¤·â€â™€ï¸,neutral
Couldn't ask for better ğŸ‘Œ,positive
This is the best day ever! ğŸ‰,positive
Terrible design ğŸ˜’,negative
Feeling pretty neutral about this ğŸ¤·â€â™‚ï¸,neutral
This is the best day ever! ğŸ‰,positive
This was awful ğŸ˜¡,negative
So disappointed ğŸ˜,negative
Amazing service! ğŸ‘,positive
Couldn't ask for better ğŸ‘Œ,positive
Terrible design ğŸ˜’,negative
Feeling pretty neutral about this ğŸ¤·â€â™‚ï¸,neutral
Why did I even try? ğŸ˜ ,negative
Absolutely fantastic! ğŸŠ,positive
This is terrible ğŸ˜¡,negative
Feeling pretty neutral about this ğŸ¤·â€â™‚ï¸,neutral
This is terrible ğŸ˜¡,negative
Absolutely fantastic! ğŸŠ,positive
So disappointed ğŸ˜,negative
Amazing service! ğŸ‘,positive
The movie was just okay ğŸ¤”,neutral
"Ugh, horrible experience. ğŸ˜ ",negative
A day to remember ğŸ‰,positive
Absolutely fantastic! ğŸŠ,positive
"Ugh, horrible experience. ğŸ˜ ",negative
Couldn't ask for better ğŸ‘Œ,positive
It's just fine ğŸ¤”,neutral
So disappointed ğŸ˜,negative
Couldn't ask for better ğŸ‘Œ,positive
This was awful ğŸ˜¡,negative
Not what I expected... ğŸ˜’,negative
Amazing service! ğŸ‘,positive
Not what I expected... ğŸ˜’,negative
Feeling pretty neutral about this ğŸ¤·â€â™‚ï¸,neutral
Terrible design ğŸ˜’,negative
Terrible design ğŸ˜’,negative
Amazing service! ğŸ‘,positive
A day to remember ğŸ‰,positive
Couldn't be happier ğŸ˜Š,positive
A day to remember ğŸ‰,positive
So disappointed ğŸ˜,negative
"Meh, it's alright ğŸ¤·",neutral
Feeling pretty neutral about this ğŸ¤·â€â™‚ï¸,neutral
Not what I expected... ğŸ˜’,negative
Love the quality! ğŸŒŸ,positive
It's just fine ğŸ¤”,neutral
The movie was just okay ğŸ¤”,neutral
This is terrible ğŸ˜¡,negative
I'm so excited about this! ğŸ˜,positive
Not what I expected... ğŸ˜’,negative
Couldn't ask for better ğŸ‘Œ,positive
This is the best day ever! ğŸ‰,positive
Why did I even try? ğŸ˜ ,negative
Couldn't be happier ğŸ˜Š,positive
Forgettable experience ğŸ¤·â€â™€ï¸,neutral
The movie was just okay ğŸ¤”,neutral
So disappointed ğŸ˜,negative
So disappointed ğŸ˜,negative
Forgettable experience ğŸ¤·â€â™€ï¸,neutral
This was awful ğŸ˜¡,negative
Love the quality! ğŸŒŸ,positive
Amazing service! ğŸ‘,positive
Terrible design ğŸ˜’,negative
I love this product! ğŸ˜Š,positive
Why did I even try? ğŸ˜ ,negative
I'm so excited about this! ğŸ˜,positive
Why did I even try? ğŸ˜ ,negative
Terrible design ğŸ˜’,negative
Amazing service! ğŸ‘,positive
Couldn't ask for better ğŸ‘Œ,positive
Absolutely fantastic! ğŸŠ,positive
I'm so excited about this! ğŸ˜,positive
I hate it here ğŸ˜¤,negative
Couldn't be happier ğŸ˜Š,positive
This is the best day ever! ğŸ‰,positive
This was awful ğŸ˜¡,negative
I love this product! ğŸ˜Š,positive
Amazing service! ğŸ‘,positive
Love the quality! ğŸŒŸ,positive
This is the best day ever! ğŸ‰,positive
Love the quality! ğŸŒŸ,positive
I'm so excited about this! ğŸ˜,positive
Couldn't ask for better ğŸ‘Œ,positive
I hate it here ğŸ˜¤,negative
Couldn't ask for better ğŸ‘Œ,positive
Love the quality! ğŸŒŸ,positive
Forgettable experience ğŸ¤·â€â™€ï¸,neutral
"Ugh, horrible experience. ğŸ˜ ",negative
Not what I expected... ğŸ˜’,negative
"Meh, it's alright ğŸ¤·",neutral
This is the best day ever! ğŸ‰,positive
Terrible design ğŸ˜’,negative
Love the quality! ğŸŒŸ,positive
I love this product! ğŸ˜Š,positive
Forgettable experience ğŸ¤·â€â™€ï¸,neutral
Absolutely fantastic! ğŸŠ,positive
It's just fine ğŸ¤”,neutral
I love this product! ğŸ˜Š,positive
I'm so excited about this! ğŸ˜,positive
"Meh, it's alright ğŸ¤·",neutral
I hate it here ğŸ˜¤,negative
Feeling pretty neutral about this ğŸ¤·â€â™‚ï¸,neutral
This is terrible ğŸ˜¡,negative
Feeling pretty neutral about this ğŸ¤·â€â™‚ï¸,neutral
A day to remember ğŸ‰,positive
The movie was just okay ğŸ¤”,neutral
The movie was just okay ğŸ¤”,neutral
It's just fine ğŸ¤”,neutral
The movie was just okay ğŸ¤”,neutral
Terrible design ğŸ˜’,negative
Not what I expected... ğŸ˜’,negative
Not what I expected... ğŸ˜’,negative
Why did I even try? ğŸ˜ ,negative
It's just fine ğŸ¤”,neutral
Terrible design ğŸ˜’,negative
This is the best day ever! ğŸ‰,positive
Amazing service! ğŸ‘,positive
Love the quality! ğŸŒŸ,positive
Forgettable experience ğŸ¤·â€â™€ï¸,neutral
Couldn't be happier ğŸ˜Š,positive
"Ugh, horrible experience. ğŸ˜ ",negative
Terrible design ğŸ˜’,negative
"Ugh, horrible experience. ğŸ˜ ",negative
I hate it here ğŸ˜¤,negative
So disappointed ğŸ˜,negative
Why did I even try? ğŸ˜ ,negative
Couldn't ask for better ğŸ‘Œ,positive
"Meh, it's alright ğŸ¤·",neutral
This was awful ğŸ˜¡,negative
Love the quality! ğŸŒŸ,positive
This was awful ğŸ˜¡,negative
I'm so excited about this! ğŸ˜,positive
Feeling pretty neutral about this ğŸ¤·â€â™‚ï¸,neutral
Feeling pretty neutral about this ğŸ¤·â€â™‚ï¸,neutral
The movie was just okay ğŸ¤”,neutral
Absolutely fantastic! ğŸŠ,positive
I love this product! ğŸ˜Š,positive
A day to remember ğŸ‰,positive
Terrible design ğŸ˜’,negative
Feeling pretty neutral about this ğŸ¤·â€â™‚ï¸,neutral
A day to remember ğŸ‰,positive
Feeling pretty neutral about this ğŸ¤·â€â™‚ï¸,neutral
I love this product! ğŸ˜Š,positive
The movie was just okay ğŸ¤”,neutral
Couldn't ask for better ğŸ‘Œ,positive
This is terrible ğŸ˜¡,negative
Feeling pretty neutral about this ğŸ¤·â€â™‚ï¸,neutral
The movie was just okay ğŸ¤”,neutral
This is terrible ğŸ˜¡,negative
Absolutely fantastic! ğŸŠ,positive
The movie was just okay ğŸ¤”,neutral
Love the quality! ğŸŒŸ,positive
Feeling pretty neutral about this ğŸ¤·â€â™‚ï¸,neutral
Amazing service! ğŸ‘,positive
Why did I even try? ğŸ˜ ,negative
It's just fine ğŸ¤”,neutral
"Ugh, horrible experience. ğŸ˜ ",negative
Terrible design ğŸ˜’,negative
Not what I expected... ğŸ˜’,negative
A day to remember ğŸ‰,positive
A day to remember ğŸ‰,positive
It's just fine ğŸ¤”,neutral
Feeling pretty neutral about this ğŸ¤·â€â™‚ï¸,neutral
It's just fine ğŸ¤”,neutral
Couldn't be happier ğŸ˜Š,positive
"Ugh, horrible experience. ğŸ˜ ",negative
I'm so excited about this! ğŸ˜,positive
I'm so excited about this! ğŸ˜,positive
Why did I even try? ğŸ˜ ,negative
Couldn't be happier ğŸ˜Š,positive
"Meh, it's alright ğŸ¤·",neutral
Couldn't be happier ğŸ˜Š,positive
Couldn't be happier ğŸ˜Š,positive
This was awful ğŸ˜¡,negative
This is terrible ğŸ˜¡,negative
Why did I even try? ğŸ˜ ,negative
Couldn't ask for better ğŸ‘Œ,positive
Couldn't ask for better ğŸ‘Œ,positive
I'm so excited about this! ğŸ˜,positive
This is terrible ğŸ˜¡,negative
So disappointed ğŸ˜,negative
Absolutely fantastic! ğŸŠ,positive
I'm so excited about this! ğŸ˜,positive
Feeling pretty neutral about this ğŸ¤·â€â™‚ï¸,neutral
"Ugh, horrible experience. ğŸ˜ ",negative
"Ugh, horrible experience. ğŸ˜ ",negative
Terrible design ğŸ˜’,negative
This was awful ğŸ˜¡,negative
Not what I expected... ğŸ˜’,negative
Couldn't be happier ğŸ˜Š,positive
This is the best day ever! ğŸ‰,positive
Amazing service! ğŸ‘,positive
This was awful ğŸ˜¡,negative
Feeling pretty neutral about this ğŸ¤·â€â™‚ï¸,neutral
The movie was just okay ğŸ¤”,neutral
This was awful ğŸ˜¡,negative
Terrible design ğŸ˜’,negative
I'm so excited about this! ğŸ˜,positive
This is terrible ğŸ˜¡,negative
Couldn't ask for better ğŸ‘Œ,positive
Terrible design ğŸ˜’,negative
I love this product! ğŸ˜Š,positive
The movie was just okay ğŸ¤”,neutral
Feeling pretty neutral about this ğŸ¤·â€â™‚ï¸,neutral
This is the best day ever! ğŸ‰,positive
Couldn't be happier ğŸ˜Š,positive
It's just fine ğŸ¤”,neutral
It's just fine ğŸ¤”,neutral
"Ugh, horrible experience. ğŸ˜ ",negative
So disappointed ğŸ˜,negative
This is terrible ğŸ˜¡,negative
This is the best day ever! ğŸ‰,positive
So disappointed ğŸ˜,negative
I love this product! ğŸ˜Š,positive
So disappointed ğŸ˜,negative
Amazing service! ğŸ‘,positive
This was awful ğŸ˜¡,negative
I hate it here ğŸ˜¤,negative
Couldn't be happier ğŸ˜Š,positive
Terrible design ğŸ˜’,negative
Why did I even try? ğŸ˜ ,negative
It's just fine ğŸ¤”,neutral
Not what I expected... ğŸ˜’,negative
"Ugh, horrible experience. ğŸ˜ ",negative
I hate it here ğŸ˜¤,negative
"Ugh, horrible experience. ğŸ˜ ",negative
This is terrible ğŸ˜¡,negative
A day to remember ğŸ‰,positive
Terrible design ğŸ˜’,negative
This is terrible ğŸ˜¡,negative
Absolutely fantastic! ğŸŠ,positive
This is terrible ğŸ˜¡,negative
This is terrible ğŸ˜¡,negative
A day to remember ğŸ‰,positive
It's just fine ğŸ¤”,neutral
Love the quality! ğŸŒŸ,positive
Love the quality! ğŸŒŸ,positive
This is the best day ever! ğŸ‰,positive
This is terrible ğŸ˜¡,negative
Love the quality! ğŸŒŸ,positive
The movie was just okay ğŸ¤”,neutral
This is the best day ever! ğŸ‰,positive
The movie was just okay ğŸ¤”,neutral
Forgettable experience ğŸ¤·â€â™€ï¸,neutral
The movie was just okay ğŸ¤”,neutral
Why did I even try? ğŸ˜ ,negative
Feeling pretty neutral about this ğŸ¤·â€â™‚ï¸,neutral
So disappointed ğŸ˜,negative
I'm so excited about this! ğŸ˜,positive
A day to remember ğŸ‰,positive
Feeling pretty neutral about this ğŸ¤·â€â™‚ï¸,neutral
A day to remember ğŸ‰,positive
Forgettable experience ğŸ¤·â€â™€ï¸,neutral
This is terrible ğŸ˜¡,negative
Forgettable experience ğŸ¤·â€â™€ï¸,neutral
The movie was just okay ğŸ¤”,neutral
Couldn't be happier ğŸ˜Š,positive
Why did I even try? ğŸ˜ ,negative
A day to remember ğŸ‰,positive
A day to remember ğŸ‰,positive
Love the quality! ğŸŒŸ,positive
Absolutely fantastic! ğŸŠ,positive
Amazing service! ğŸ‘,positive
"Ugh, horrible experience. ğŸ˜ ",negative
Why did I even try? ğŸ˜ ,negative
Absolutely fantastic! ğŸŠ,positive
Feeling pretty neutral about this ğŸ¤·â€â™‚ï¸,neutral
Amazing service! ğŸ‘,positive
So disappointed ğŸ˜,negative
Not what I expected... ğŸ˜’,negative
Why did I even try? ğŸ˜ ,negative
Couldn't ask for better ğŸ‘Œ,positive
I hate it here ğŸ˜¤,negative
This was awful ğŸ˜¡,negative
Absolutely fantastic! ğŸŠ,positive
The movie was just okay ğŸ¤”,neutral
I love this product! ğŸ˜Š,positive
This was awful ğŸ˜¡,negative
Forgettable experience ğŸ¤·â€â™€ï¸,neutral
A day to remember ğŸ‰,positive
I'm so excited about this! ğŸ˜,positive
The movie was just okay ğŸ¤”,neutral
Terrible design ğŸ˜’,negative
"Ugh, horrible experience. ğŸ˜ ",negative
Love the quality! ğŸŒŸ,positive
Amazing service! ğŸ‘,positive
Not what I expected... ğŸ˜’,negative
"Meh, it's alright ğŸ¤·",neutral
The movie was just okay ğŸ¤”,neutral
Feeling pretty neutral about this ğŸ¤·â€â™‚ï¸,neutral
"Meh, it's alright ğŸ¤·",neutral
I hate it here ğŸ˜¤,negative
This is the best day ever! ğŸ‰,positive
This was awful ğŸ˜¡,negative
Terrible design ğŸ˜’,negative
I hate it here ğŸ˜¤,negative
Forgettable experience ğŸ¤·â€â™€ï¸,neutral
Couldn't ask for better ğŸ‘Œ,positive
Love the quality! ğŸŒŸ,positive
I love this product! ğŸ˜Š,positive
Why did I even try? ğŸ˜ ,negative
Terrible design ğŸ˜’,negative
I hate it here ğŸ˜¤,negative
Why did I even try? ğŸ˜ ,negative
I'm so excited about this! ğŸ˜,positive
Not what I expected... ğŸ˜’,negative
Amazing service! ğŸ‘,positive
I'm so excited about this! ğŸ˜,positive
I'm so excited about this! ğŸ˜,positive
Terrible design ğŸ˜’,negative
Not what I expected... ğŸ˜’,negative
Amazing service! ğŸ‘,positive
I hate it here ğŸ˜¤,negative
Forgettable experience ğŸ¤·â€â™€ï¸,neutral
"Ugh, horrible experience. ğŸ˜ ",negative
Absolutely fantastic! ğŸŠ,positive
"Ugh, horrible experience. ğŸ˜ ",negative
Why did I even try? ğŸ˜ ,negative
Couldn't ask for better ğŸ‘Œ,positive
Amazing service! ğŸ‘,positive
Love the quality! ğŸŒŸ,positive
It's just fine ğŸ¤”,neutral
Amazing service! ğŸ‘,positive
This is terrible ğŸ˜¡,negative
The movie was just okay ğŸ¤”,neutral
Couldn't ask for better ğŸ‘Œ,positive
Couldn't be happier ğŸ˜Š,positive
Amazing service! ğŸ‘,positive
This is terrible ğŸ˜¡,negative
I love this product! ğŸ˜Š,positive
Absolutely fantastic! ğŸŠ,positive
Not what I expected... ğŸ˜’,negative
Couldn't ask for better ğŸ‘Œ,positive
Amazing service! ğŸ‘,positive
This is the best day ever! ğŸ‰,positive
This was awful ğŸ˜¡,negative
Terrible design ğŸ˜’,negative
Couldn't be happier ğŸ˜Š,positive
Terrible design ğŸ˜’,negative
I love this product! ğŸ˜Š,positive
I'm so excited about this! ğŸ˜,positive
The movie was just okay ğŸ¤”,neutral
Not what I expected... ğŸ˜’,negative
Terrible design ğŸ˜’,negative
This is terrible ğŸ˜¡,negative
"Meh, it's alright ğŸ¤·",neutral
A day to remember ğŸ‰,positive
Terrible design ğŸ˜’,negative
Not what I expected... ğŸ˜’,negative
Couldn't be happier ğŸ˜Š,positive
Not what I expected... ğŸ˜’,negative
This is terrible ğŸ˜¡,negative
I hate it here ğŸ˜¤,negative
"Meh, it's alright ğŸ¤·",neutral
This is terrible ğŸ˜¡,negative
"Meh, it's alright ğŸ¤·",neutral
"Ugh, horrible experience. ğŸ˜ ",negative
Why did I even try? ğŸ˜ ,negative
Feeling pretty neutral about this ğŸ¤·â€â™‚ï¸,neutral
Why did I even try? ğŸ˜ ,negative
I'm so excited about this! ğŸ˜,positive
"Meh, it's alright ğŸ¤·",neutral
Terrible design ğŸ˜’,negative
Couldn't be happier ğŸ˜Š,positive
Forgettable experience ğŸ¤·â€â™€ï¸,neutral
Not what I expected... ğŸ˜’,negative
Feeling pretty neutral about this ğŸ¤·â€â™‚ï¸,neutral
This is the best day ever! ğŸ‰,positive
This is the best day ever! ğŸ‰,positive
Couldn't be happier ğŸ˜Š,positive
I love this product! ğŸ˜Š,positive
This is the best day ever! ğŸ‰,positive
Absolutely fantastic! ğŸŠ,positive
Couldn't be happier ğŸ˜Š,positive
Why did I even try? ğŸ˜ ,negative
Feeling pretty neutral about this ğŸ¤·â€â™‚ï¸,neutral
Amazing service! ğŸ‘,positive
This is the best day ever! ğŸ‰,positive
I'm so excited about this! ğŸ˜,positive
So disappointed ğŸ˜,negative
This is terrible ğŸ˜¡,negative
It's just fine ğŸ¤”,neutral
Feeling pretty neutral about this ğŸ¤·â€â™‚ï¸,neutral
"Ugh, horrible experience. ğŸ˜ ",negative
This was awful ğŸ˜¡,negative
"Meh, it's alright ğŸ¤·",neutral
I hate it here ğŸ˜¤,negative
Feeling pretty neutral about this ğŸ¤·â€â™‚ï¸,neutral
Feeling pretty neutral about this ğŸ¤·â€â™‚ï¸,neutral
I love this product! ğŸ˜Š,positive
Why did I even try? ğŸ˜ ,negative
"Ugh, horrible experience. ğŸ˜ ",negative
So disappointed ğŸ˜,negative
Absolutely fantastic! ğŸŠ,positive
Amazing service! ğŸ‘,positive
The movie was just okay ğŸ¤”,neutral
Amazing service! ğŸ‘,positive
"Meh, it's alright ğŸ¤·",neutral
Couldn't ask for better ğŸ‘Œ,positive
Love the quality! ğŸŒŸ,positive
So disappointed ğŸ˜,negative
Why did I even try? ğŸ˜ ,negative
Terrible design ğŸ˜’,negative
Absolutely fantastic! ğŸŠ,positive
I love this product! ğŸ˜Š,positive
I'm so excited about this! ğŸ˜,positive
Amazing service! ğŸ‘,positive
This is the best day ever! ğŸ‰,positive
A day to remember ğŸ‰,positive
Amazing service! ğŸ‘,positive
This is terrible ğŸ˜¡,negative
I'm so excited about this! ğŸ˜,positive
Forgettable experience ğŸ¤·â€â™€ï¸,neutral
Couldn't be happier ğŸ˜Š,positive
"Meh, it's alright ğŸ¤·",neutral
Absolutely fantastic! ğŸŠ,positive
Couldn't be happier ğŸ˜Š,positive
Forgettable experience ğŸ¤·â€â™€ï¸,neutral
Love the quality! ğŸŒŸ,positive
